bytes	ruta
1096923	azucarhotel.com/wp-content/uploads/2025/05/video-inicio.mp4
998226	hts-cache/new.zip
456955	azucarhotel.com/en/home/index.html
452785	azucarhotel.com/habitaciones/index.html
449646	azucarhotel.com/en/rooms/index.html
442392	azucarhotel.com/index.html
287885	azucarhotel.com/wp-json/index.html
274335	azucarhotel.com/wp-content/themes/Divi/js/scripts.min41c1.js
199968	azucarhotel.com/wp-content/uploads/2025/04/img_azucar_052-1.webp
176196	azucarhotel.com/wp-content/uploads/2025/06/6.webp
174369	azucarhotel.com/wp-content/plugins/telephone-input-for-contact-form-7/public/img/flags@2x.png
173954	azucarhotel.com/nosotros/index.html
173209	azucarhotel.com/autorizacion-de-pago-con-tdc/index.html
170958	azucarhotel.com/en/about-us/index.html
170231	azucarhotel.com/amenidades-y-facilidades/index.html
169450	azucarhotel.com/servicios/index.html
167724	azucarhotel.com/contacto/index.html
166737	azucarhotel.com/en/amenities-facilities/index.html
166155	azucarhotel.com/preguntas-frecuentes/index.html
166054	azucarhotel.com/en/services/index.html
164407	azucarhotel.com/en/contact/index.html
163800	azucarhotel.com/politicas/index.html
162615	azucarhotel.com/en/frequent-questions/index.html
160247	azucarhotel.com/en/policies/index.html
158406	azucarhotel.com/wp-content/uploads/2025/04/img_azucar_021.webp
158005	azucarhotel.com/wp-includes/js/mediaelement/mediaelement-and-player.min1f61.js
154623	azucarhotel.com/en/reservations/index.html
154020	azucarhotel.com/wp-content/uploads/et-fonts/GreatVibes-Regular.ttf
153622	azucarhotel.com/reservaciones/index.html
151852	azucarhotel.com/wp-content/uploads/2025/05/15_suite_aire.webp
150906	azucarhotel.com/wp-content/uploads/2025/04/img_azucar_101.webp
148366	azucarhotel.com/wp-content/uploads/2025/05/04_suite_cielo.webp
147268	azucarhotel.com/en/cc-payment-authorization/index.html
133354	azucarhotel.com/wp-content/uploads/2025/04/img_azucar_031.webp
132418	azucarhotel.com/wp-content/uploads/2025/05/03_suite_mar.webp
126543	azucarhotel.com/en/privacy-policy/index.html
126442	azucarhotel.com/wp-content/uploads/2025/06/9.webp
126196	azucarhotel.com/wp-content/uploads/2025/04/img_azucar_095.webp
125664	azucarhotel.com/wp-content/uploads/2025/05/11_suite_cielo.webp
124976	azucarhotel.com/wp-content/uploads/2025/05/09_suite_aire.webp
122645	azucarhotel.com/politica-de-privacidad/index.html
121624	azucarhotel.com/wp-content/uploads/2025/04/img_azucar_016.webp
121462	azucarhotel.com/wp-content/uploads/2025/05/16_suite_cielo.webp
120304	azucarhotel.com/wp-content/uploads/2025/06/3.webp
119638	hts-cache/new.txt
117418	azucarhotel.com/wp-content/uploads/2025/05/05_suite_cielo.webp
116878	azucarhotel.com/wp-content/uploads/2025/05/15_suite_cielo.webp
115294	azucarhotel.com/wp-content/uploads/2025/04/img_azucar_034.webp
114358	azucarhotel.com/wp-content/uploads/2025/06/4.webp
112940	azucarhotel.com/wp-content/uploads/2025/04/img_azucar_092.webp
112574	azucarhotel.com/wp-content/uploads/2025/05/01_suite_cielo.webp
112536	azucarhotel.com/wp-content/uploads/2025/06/5.webp
112356	azucarhotel.com/wp-content/uploads/2025/06/7.webp
109346	azucarhotel.com/wp-content/uploads/2025/05/08_suite_aire.webp
107104	azucarhotel.com/wp-content/uploads/2025/06/14_suite_agua.webp
105934	azucarhotel.com/wp-content/uploads/2025/04/img_azucar_097.webp
104760	azucarhotel.com/wp-content/uploads/2025/06/8.webp
104588	azucarhotel.com/wp-content/uploads/2025/05/05_doble_mar.webp
101400	azucarhotel.com/wp-content/uploads/2025/05/10_suite_aire.webp
100934	azucarhotel.com/wp-content/uploads/2025/04/img_azucar_098.webp
100774	azucarhotel.com/wp-content/uploads/2025/05/07_suite_aire.webp
99952	azucarhotel.com/wp-content/uploads/2025/05/10_suite_cielo.webp
99902	azucarhotel.com/wp-content/uploads/2025/04/img_azucar_093.webp
97208	azucarhotel.com/wp-content/uploads/2025/04/img_azucar_070-2.webp
96904	azucarhotel.com/wp-content/uploads/2025/05/11_suite_mar.webp
94540	azucarhotel.com/wp-content/uploads/2025/04/img_azucar_083-2.webp
92498	azucarhotel.com/wp-content/uploads/2025/04/img_azucar_091-1.webp
92172	azucarhotel.com/wp-content/themes/Divi/core/admin/fonts/modules/all/modules.eot
91706	azucarhotel.com/wp-content/uploads/2025/04/img_azucar_094.webp
90708	azucarhotel.com/wp-content/uploads/2025/05/04_king_selva.webp
90698	azucarhotel.com/wp-content/uploads/2025/05/10_king_mar.webp
89688	azucarhotel.com/wp-content/uploads/2025/05/04_doble_avenida.webp
89336	azucarhotel.com/wp-content/plugins/telephone-input-for-contact-form-7/public/js/intlTelInputd5f7.js
88278	azucarhotel.com/wp-content/uploads/2025/04/img_azucar_019.webp
87553	azucarhotel.com/wp-includes/js/jquery/jquery.minf43b.js
82614	azucarhotel.com/wp-content/uploads/2025/05/11_suite_aire.webp
82446	azucarhotel.com/wp-content/uploads/2025/05/14_suite_aire.webp
82370	azucarhotel.com/wp-content/uploads/2025/04/img_azucar_058-2.webp
80929	azucarhotel.com/wp-json/wp/v2/pages/333.json
78120	azucarhotel.com/wp-content/uploads/2025/04/img_azucar_064-2.webp
77854	azucarhotel.com/wp-content/uploads/2025/04/img_azucar_014.webp
77720	azucarhotel.com/wp-content/uploads/2025/05/09_king_mar.webp
75246	azucarhotel.com/wp-content/uploads/2025/04/img_azucar_013.webp
75246	azucarhotel.com/wp-content/uploads/2025/05/08_king_selva.webp
74956	azucarhotel.com/wp-content/uploads/2025/05/08_doble_avenida.webp
74504	azucarhotel.com/wp-content/uploads/2025/04/img_azucar_100.webp
74210	azucarhotel.com/wp-content/uploads/2025/04/img_azucar_003.webp
74000	azucarhotel.com/wp-content/uploads/2025/05/12_doble_mar.webp
70857	azucarhotel.com/wp-content/plugins/telephone-input-for-contact-form-7/public/img/flags.png
69518	azucarhotel.com/wp-content/uploads/2025/05/12_suite_aire.webp
69094	azucarhotel.com/wp-content/uploads/2025/05/18_suite_cielo.webp
69008	azucarhotel.com/wp-content/uploads/2025/04/img_azucar_079-2.webp
68936	azucarhotel.com/wp-content/uploads/2025/05/13_suite_mar.webp
68922	azucarhotel.com/wp-content/uploads/2025/04/img_azucar_060-2.webp
68900	azucarhotel.com/wp-content/uploads/2025/05/01_doble_mar.webp
68840	azucarhotel.com/wp-content/uploads/2025/06/11_suite_agua.webp
68808	azucarhotel.com/wp-content/uploads/2025/05/01_suite_mar.webp
68250	azucarhotel.com/wp-content/uploads/2025/05/13_suite_aire.webp
67656	azucarhotel.com/wp-content/uploads/2025/04/img_azucar_015.webp
66470	azucarhotel.com/wp-json/wp/v2/pages/928.json
65700	azucarhotel.com/wp-json/wp/v2/pages/606.json
65134	azucarhotel.com/wp-content/uploads/2025/04/img_azucar_044.webp
63476	azucarhotel.com/wp-content/uploads/2025/05/14_suite_cielo.webp
63264	azucarhotel.com/wp-content/uploads/2025/04/img_azucar_087-2.webp
62794	azucarhotel.com/wp-content/uploads/2025/05/01_suite_aire.webp
61864	azucarhotel.com/wp-content/uploads/2025/04/img_azucar_037.webp
60662	azucarhotel.com/wp-content/uploads/2025/04/img_azucar_056-2.webp
60522	azucarhotel.com/wp-content/uploads/2025/04/img_azucar_006.webp
60164	azucarhotel.com/wp-content/uploads/2025/04/img_azucar_005.webp
57208	azucarhotel.com/wp-content/uploads/2025/05/17_suite_cielo.webp
57080	azucarhotel.com/wp-content/uploads/2025/06/01_suite_agua.webp
57060	azucarhotel.com/wp-content/uploads/2025/04/img_azucar_099.webp
56638	azucarhotel.com/wp-content/uploads/2025/05/12_suite_mar.webp
56417	azucarhotel.com/wp-json/wp/v2/pages/898.json
55524	azucarhotel.com/wp-content/uploads/2025/04/img_azucar_074-2.webp
54452	azucarhotel.com/wp-content/uploads/2025/05/12_suite_cielo.webp
54338	azucarhotel.com/wp-content/uploads/2025/05/11_king_mar.webp
53974	azucarhotel.com/wp-content/uploads/2025/04/img_azucar_036.webp
53563	azucarhotel.com/wp-json/wp/v2/pages/843.json
53370	azucarhotel.com/wp-content/uploads/2025/04/img_azucar_053-2.webp
52959	azucarhotel.com/wp-json/wp/v2/pages/586.json
52666	azucarhotel.com/wp-content/uploads/2025/06/09_suite_agua.webp
52412	azucarhotel.com/wp-content/uploads/2025/05/08_king_mar.webp
52108	azucarhotel.com/wp-content/uploads/2025/04/img_azucar_033.webp
51386	azucarhotel.com/wp-content/uploads/2025/04/img_azucar_045.webp
51191	azucarhotel.com/wp-json/wp/v2/pages/887.json
50192	azucarhotel.com/wp-content/uploads/2025/05/04_doble_mar.webp
49610	azucarhotel.com/wp-content/uploads/2025/05/17_king_mar.webp
49162	azucarhotel.com/wp-content/uploads/2025/04/img_azucar_075-2.webp
48378	azucarhotel.com/wp-content/uploads/2025/04/img_azucar_023.webp
48262	azucarhotel.com/wp-content/uploads/2025/04/img_azucar_004.webp
48244	azucarhotel.com/wp-content/uploads/2025/06/02_suite_agua.webp
48146	azucarhotel.com/wp-content/uploads/2025/05/13_suite_cielo.webp
47726	azucarhotel.com/wp-content/uploads/2025/04/img_azucar_063-2.webp
47630	azucarhotel.com/wp-content/uploads/2025/05/19_suite_aire.webp
47630	azucarhotel.com/wp-content/uploads/2025/05/19_suite_cielo.webp
47248	azucarhotel.com/wp-content/uploads/2025/05/08_suite_mar.webp
47072	azucarhotel.com/wp-content/uploads/2025/04/img_azucar_002.webp
47030	azucarhotel.com/wp-content/uploads/2025/04/img_azucar_061-2.webp
46952	azucarhotel.com/wp-content/uploads/2025/04/img_azucar_020.webp
46780	azucarhotel.com/wp-content/uploads/2025/04/img_azucar_068-2.webp
46768	azucarhotel.com/wp-content/uploads/2025/04/img_azucar_067-2.webp
46368	azucarhotel.com/wp-content/uploads/2025/05/06_doble_mar.webp
46220	azucarhotel.com/wp-content/uploads/2025/05/02_suite_mar.webp
45586	azucarhotel.com/wp-json/wp/v2/pages/445.json
45584	azucarhotel.com/wp-content/uploads/2025/05/07_suite_mar.webp
45534	azucarhotel.com/wp-content/uploads/2025/04/img_azucar_084-2.webp
45370	azucarhotel.com/wp-content/uploads/2025/04/img_azucar_090.webp
44994	azucarhotel.com/wp-content/uploads/2025/04/img_azucar_096.webp
44810	azucarhotel.com/wp-content/uploads/2025/04/img_azucar_071-2.webp
44804	azucarhotel.com/wp-content/uploads/2025/04/img_azucar_077-2.webp
44644	azucarhotel.com/wp-content/uploads/2025/06/03_suite_agua.webp
44092	azucarhotel.com/wp-content/uploads/2025/04/img_azucar_057-2.webp
44052	azucarhotel.com/wp-content/uploads/2025/04/img_azucar_007.webp
44022	azucarhotel.com/wp-content/uploads/2025/04/img_azucar_017.webp
43936	azucarhotel.com/wp-content/uploads/2025/05/09_suite_mar.webp
43348	azucarhotel.com/wp-content/uploads/2025/05/05_suite_mar.webp
43158	azucarhotel.com/wp-content/uploads/2025/04/img_azucar_039.webp
43060	azucarhotel.com/wp-content/uploads/2025/04/img_azucar_081-2.webp
42750	azucarhotel.com/wp-content/uploads/2025/04/img_azucar_089-2.webp
42602	azucarhotel.com/wp-content/uploads/2025/04/img_azucar_085-2.webp
41928	azucarhotel.com/wp-content/uploads/2025/05/06_suite_cielo.webp
41784	azucarhotel.com/wp-content/uploads/2025/05/15_king_mar.webp
41296	azucarhotel.com/wp-content/uploads/2025/04/img_azucar_047-1.webp
41070	azucarhotel.com/wp-content/uploads/2025/04/img_azucar_012.webp
40706	azucarhotel.com/wp-content/uploads/2025/05/08_doble_mar.webp
40306	azucarhotel.com/wp-content/uploads/2025/05/05_king_selva.webp
40292	azucarhotel.com/wp-content/uploads/2025/05/16_suite_aire.webp
40266	azucarhotel.com/wp-content/uploads/2025/05/05_doble_avenida.webp
40140	azucarhotel.com/wp-content/uploads/2025/04/img_azucar_062-2.webp
38544	azucarhotel.com/wp-content/uploads/2025/05/03_king_selva.webp
38378	azucarhotel.com/wp-content/uploads/2025/05/03_doble_avenida.webp
38244	azucarhotel.com/wp-content/uploads/2025/06/10_suite_agua.webp
37866	azucarhotel.com/wp-content/uploads/2025/04/img_azucar_048-1.webp
37808	azucarhotel.com/wp-content/uploads/2025/05/07_king_mar.webp
37596	azucarhotel.com/wp-content/uploads/2025/05/09_suite_cielo.webp
37554	azucarhotel.com/wp-content/uploads/2025/05/02_king_selva.webp
37116	azucarhotel.com/wp-content/uploads/2025/04/img_azucar_066-2.webp
37100	azucarhotel.com/wp-content/uploads/2025/05/06_suite_aire.webp
37086	azucarhotel.com/wp-content/uploads/2025/05/02_doble_avenida.webp
36436	azucarhotel.com/wp-content/uploads/2025/05/12_doble_avenida.webp
36356	azucarhotel.com/wp-content/uploads/2025/05/12_king_selva-1.webp
36254	azucarhotel.com/wp-content/uploads/2025/05/05_king_mar.webp
35998	azucarhotel.com/wp-content/uploads/2025/04/img_azucar_010.webp
35610	azucarhotel.com/wp-content/uploads/2025/04/img_azucar_082-2.webp
35442	azucarhotel.com/wp-content/uploads/2025/05/03_doble_mar.webp
34694	azucarhotel.com/wp-content/uploads/2025/05/01_king_selva.webp
34498	azucarhotel.com/wp-content/uploads/2025/05/01_doble_avenida.webp
34384	azucarhotel.com/wp-content/uploads/2025/04/img_azucar_041.webp
34350	azucarhotel.com/wp-content/themes/Divi/core/admin/fonts/fontawesome/fa-regular-400.eot
34293	azucarhotel.com/wp-json/wp/v2/pages/958.json
34269	azucarhotel.com/wp-json/wp/v2/pages/947.json
34052	azucarhotel.com/wp-content/uploads/2025/04/img_azucar_088-2.webp
33860	azucarhotel.com/wp-content/uploads/2025/05/10_suite_mar.webp
33580	azucarhotel.com/wp-content/uploads/2025/04/img_azucar_086-2.webp
33502	azucarhotel.com/wp-content/uploads/2025/05/03_suite_cielo.webp
33324	azucarhotel.com/wp-content/uploads/2025/06/05_suite_agua.webp
32936	azucarhotel.com/wp-json/wp/v2/pages/2424.json
32342	azucarhotel.com/wp-content/uploads/2025/04/img_azucar_030.webp
31740	azucarhotel.com/wp-content/uploads/2025/05/16_king_mar.webp
31718	azucarhotel.com/wp-content/uploads/2025/04/img_azucar_069-2.webp
31594	azucarhotel.com/wp-content/uploads/2025/05/04_suite_mar.webp
31450	azucarhotel.com/wp-content/uploads/2025/04/img_azucar_038.webp
31406	azucarhotel.com/wp-content/uploads/2025/04/img_azucar_018.webp
31332	azucarhotel.com/wp-content/uploads/2025/05/14_king_mar.webp
31236	azucarhotel.com/wp-content/uploads/2025/05/06_king_mar.webp
31088	azucarhotel.com/wp-content/uploads/2025/05/21_suite_cielo.webp
30938	azucarhotel.com/wp-content/uploads/2025/05/17_suite_aire.webp
30472	azucarhotel.com/wp-content/uploads/2025/05/07_doble_mar.webp
30431	azucarhotel.com/wp-json/wp/v2/pages/2347.json
30080	azucarhotel.com/wp-content/uploads/2025/03/mapa_ubica.webp
30008	azucarhotel.com/wp-content/uploads/2025/05/18_king_mar.webp
29976	azucarhotel.com/wp-content/uploads/2025/05/06_doble_avenida.webp
29842	azucarhotel.com/wp-json/wp/v2/pages/761.json
29798	azucarhotel.com/wp-content/uploads/2025/05/02_doble_mar.webp
29770	azucarhotel.com/wp-content/uploads/2025/04/img_azucar_008.webp
29734	azucarhotel.com/wp-content/uploads/2025/04/img_azucar_024.webp
29594	azucarhotel.com/wp-content/uploads/2025/05/07_king_selva.webp
29587	azucarhotel.com/wp-json/wp/v2/pages/938.json
29586	azucarhotel.com/wp-content/uploads/2025/04/img_azucar_049-1.webp
29546	azucarhotel.com/wp-content/uploads/2025/05/07_doble_avenida.webp
29420	azucarhotel.com/wp-json/wp/v2/pages/423.json
29410	azucarhotel.com/wp-content/uploads/2025/05/06_king_selva.webp
29214	azucarhotel.com/wp-content/uploads/2025/06/Nosotros-foto-de-fondo-gde-1.webp
28378	azucarhotel.com/wp-content/uploads/2025/06/07_suite_agua.webp
28291	azucarhotel.com/wp-json/wp/v2/pages/1067.json
27976	azucarhotel.com/wp-content/uploads/2025/04/img_azucar_076-2.webp
27958	hts-cache/new.lst
27890	azucarhotel.com/wp-json/wp/v2/pages/2433.json
27871	azucarhotel.com/wp-json/wp/v2/pages/505.json
27752	azucarhotel.com/wp-content/uploads/2025/05/13_king_mar.webp
27508	azucarhotel.com/wp-content/uploads/2025/04/img_azucar_072-2.webp
27244	azucarhotel.com/wp-content/uploads/2025/04/img_azucar_027.webp
27141	azucarhotel.com/wp-content/plugins/jquery-validation-for-contact-form-7/includes/assets/js/jquery.validate.min7661.js
26796	azucarhotel.com/wp-content/uploads/2025/04/img_azucar_040.webp
26696	azucarhotel.com/wp-content/uploads/2025/05/12_king_mar.webp
26577	azucarhotel.com/wp-content/et-cache/606/et-core-unified-tb-3555-tb-3245-deferred-606.mined68.css
26494	azucarhotel.com/wp-content/uploads/2025/05/Nosotros-foto-de-fondo-1.webp
26370	azucarhotel.com/wp-content/uploads/2025/04/img_azucar_073-2.webp
26348	azucarhotel.com/wp-content/uploads/2025/04/img_azucar_011.webp
26303	azucarhotel.com/wp-content/et-cache/843/et-core-unified-tb-1017-tb-3577-deferred-843.min11b8.css
25954	azucarhotel.com/wp-json/wp/v2/pages/2356.json
25820	azucarhotel.com/wp-content/uploads/2025/04/img_azucar_051-1.webp
25358	azucarhotel.com/wp-content/uploads/2025/05/02_suite_aire.webp
25312	azucarhotel.com/wp-content/uploads/2025/06/06_suite_agua.webp
25256	azucarhotel.com/wp-content/plugins/telephone-input-for-contact-form-7/public/css/intlTelInput6aec.css
25256	azucarhotel.com/wp-content/uploads/2025/04/img_azucar_059-2.webp
25229	azucarhotel.com/wp-json/wp/v2/pages/730.json
24942	azucarhotel.com/wp-content/uploads/2025/05/04_king_mar.webp
24716	azucarhotel.com/wp-content/uploads/2025/04/img_azucar_022.webp
24308	azucarhotel.com/wp-content/uploads/2025/06/04_suite_agua.webp
24236	azucarhotel.com/wp-content/uploads/2025/04/img_azucar_046.webp
23892	azucarhotel.com/wp-content/uploads/2025/04/img_azucar_080-2.webp
23526	azucarhotel.com/wp-content/uploads/2025/05/11_king_selva-1.webp
23088	azucarhotel.com/wp-content/uploads/2025/05/11_doble_mar.webp
22942	azucarhotel.com/wp-content/uploads/2025/05/11_doble_avenida.webp
22730	azucarhotel.com/wp-content/uploads/2025/05/02_king_mar.webp
22680	azucarhotel.com/wp-content/uploads/2025/04/img_azucar_028.webp
22322	azucarhotel.com/wp-content/uploads/2025/04/img_azucar_009.webp
22272	azucarhotel.com/wp-content/themes/Divi/includes/builder/feature/dynamic-assets/assets/js/magnific-popup41c1.js
21686	azucarhotel.com/wp-content/uploads/2025/06/08_suite_agua.webp
21392	azucarhotel.com/wp-content/uploads/2025/04/img_azucar_065-2.webp
20378	azucarhotel.com/wp-content/uploads/2025/04/img_azucar_032.webp
20066	azucarhotel.com/wp-content/uploads/2025/04/img_azucar_029.webp
20008	azucarhotel.com/wp-content/uploads/2025/05/07_suite_cielo.webp
19910	azucarhotel.com/wp-content/uploads/2025/04/img_azucar_001.webp
19904	azucarhotel.com/wp-content/uploads/2025/05/05_suite_aire.webp
19862	azucarhotel.com/wp-content/uploads/2025/04/img_azucar_042.webp
19828	azucarhotel.com/wp-content/uploads/2025/04/img_azucar_025.webp
19700	azucarhotel.com/wp-content/uploads/2025/05/04_suite_aire.webp
19688	azucarhotel.com/wp-content/et-cache/843/et-divi-dynamic-tb-1017-tb-3577-843-late7096.css
19390	azucarhotel.com/wp-content/uploads/2025/05/18_suite_aire.webp
19260	azucarhotel.com/wp-content/uploads/2025/05/08_suite_cielo.webp
18618	azucarhotel.com/wp-content/uploads/2025/04/img_azucar_054-2.webp
18494	azucarhotel.com/wp-content/uploads/2025/05/03_king_mar.webp
18486	azucarhotel.com/wp-content/uploads/2025/05/22_suite_cielo.webp
18312	azucarhotel.com/wp-content/uploads/2025/05/09_doble_avenida.webp
18111	azucarhotel.com/wp-content/et-cache/2424/et-divi-dynamic-tb-1017-tb-3577-24248c7a.css
18111	azucarhotel.com/wp-content/et-cache/2433/et-divi-dynamic-tb-3555-tb-3245-24334442.css
18111	azucarhotel.com/wp-content/et-cache/761/et-divi-dynamic-tb-3555-tb-3245-76104f6.css
18111	azucarhotel.com/wp-content/et-cache/947/et-divi-dynamic-tb-1017-tb-3577-947eefd.css
17322	azucarhotel.com/wp-content/uploads/2025/04/img_azucar_050-1.webp
17174	azucarhotel.com/wp-content/uploads/2025/05/09_king_selva.webp
17132	azucarhotel.com/wp-content/uploads/2025/05/09_doble_mar.webp
16918	azucarhotel.com/wp-content/uploads/2025/05/20_suite_cielo.webp
16900	azucarhotel.com/wp-content/uploads/2025/05/06_suite_mar.webp
15852	azucarhotel.com/wp-content/uploads/2025/04/img_azucar_026.webp
15816	azucarhotel.com/wp-content/uploads/2025/05/01_king_mar.webp
14092	azucarhotel.com/wp-content/uploads/2025/04/img_azucar_078-2.webp
13982	azucarhotel.com/wp-content/uploads/2025/05/03_suite_aire.webp
13977	azucarhotel.com/wp-content/et-cache/586/et-divi-dynamic-tb-3555-tb-3245-586cbfc.css
13977	azucarhotel.com/wp-content/et-cache/898/et-divi-dynamic-tb-1017-tb-3577-8985312.css
13774	azucarhotel.com/wp-content/uploads/2025/06/12_suite_agua.webp
13642	azucarhotel.com/wp-json/wp/v2/pages/990.json
13594	azucarhotel.com/wp-json/wp/v2/pages/993.json
13577	azucarhotel.com/wp-includes/js/jquery/jquery-migrate.min5589.js
13566	azucarhotel.com/wp-content/uploads/2025/04/img_azucar_035.webp
13452	azucarhotel.com/wp-content/plugins/contact-form-7/includes/js/index36b6.js
13428	azucarhotel.com/wp-content/uploads/2025/04/img_azucar_043.webp
13402	azucarhotel.com/wp-content/uploads/2025/03/logo_azucar_dorado-png.webp
13134	azucarhotel.com/wp-content/uploads/2025/06/13_suite_agua.webp
12512	azucarhotel.com/wp-content/plugins/contact-form-7/includes/swv/js/index36b6.js
11256	azucarhotel.com/wp-includes/js/mediaelement/mediaelementplayer-legacy.min1f61.css
11134	azucarhotel.com/wp-content/uploads/2025/05/19_king_mar.webp
10836	azucarhotel.com/wp-content/uploads/2025/05/02_suite_cielo.webp
10090	azucarhotel.com/wp-content/et-cache/333/et-divi-dynamic-tb-3555-tb-3245-333cb46.css
10090	azucarhotel.com/wp-content/et-cache/843/et-divi-dynamic-tb-1017-tb-3577-8437096.css
9980	azucarhotel.com/wp-content/uploads/2025/05/10_doble_avenida.webp
9950	azucarhotel.com/wp-content/uploads/2025/05/10_doble_mar.webp
9922	azucarhotel.com/wp-content/uploads/2025/05/10_king_selva.webp
9427	azucarhotel.com/wp-content/themes/Divi/includes/builder/styles/images/preloader.gif
8927	azucarhotel.com/wp-content/et-cache/333/et-core-unified-tb-3555-tb-3245-deferred-333.mine322.css
8574	azucarhotel.com/wp-content/themes/Divi/includes/builder/feature/dynamic-assets/assets/js/salvattore41c1.js
8509	azucarhotel.com/wp-content/et-cache/445/et-divi-dynamic-tb-1017-tb-3577-44580b0.css
8509	azucarhotel.com/wp-content/et-cache/887/et-divi-dynamic-tb-1017-tb-3577-887fead.css
7794	azucarhotel.com/wp-content/uploads/2025/06/15_suite_agua.webp
7764	azucarhotel.com/wp-content/uploads/2025/04/img_azucar_055-2.webp
7607	azucarhotel.com/wp-content/et-cache/606/et-divi-dynamic-tb-3555-tb-3245-606-lateed68.css
7248	azucarhotel.com/wp-content/et-cache/1067/et-divi-dynamic-tb-1017-tb-3577-1067f0a8.css
7248	azucarhotel.com/wp-content/et-cache/505/et-divi-dynamic-tb-3555-tb-3245-505fa8f.css
6636	azucarhotel.com/wp-content/et-cache/586/et-core-unified-tb-3555-tb-3245-deferred-586.mincbfc.css
5961	azucarhotel.com/wp-content/themes/Divi-child/style41c1.css
5732	azucarhotel.com/wp-includes/js/dist/i18n.mineca5.js
5620	azucarhotel.com/wp-content/et-cache/990/et-core-unified-tb-1017-tb-3577-deferred-990.min873d.css
5476	hts-log.txt
5325	azucarhotel.com/wp-content/et-cache/990/et-divi-dynamic-tb-1017-tb-3577-990-late873d.css
5217	index.html
5050	azucarhotel.com/wp-includes/js/dist/hooks.min394d.js
4783	azucarhotel.com/wp-json/oembed/1.0/embede5ed
4782	azucarhotel.com/wp-json/oembed/1.0/embed5b20
4750	azucarhotel.com/wp-json/oembed/1.0/embed8146
4724	azucarhotel.com/wp-json/oembed/1.0/embeda598
4719	azucarhotel.com/wp-json/oembed/1.0/embed3d41
4717	azucarhotel.com/wp-json/oembed/1.0/embedadfe
4716	azucarhotel.com/wp-json/oembed/1.0/embed3487
4716	azucarhotel.com/wp-json/oembed/1.0/embedc0c9
4670	azucarhotel.com/wp-json/oembed/1.0/embed7f20
4598	azucarhotel.com/wp-includes/js/mediaelement/mejs-controls.svg
4598	azucarhotel.com/wp-json/oembed/1.0/embede0f0
4577	azucarhotel.com/wp-json/oembed/1.0/embedbd58
4575	azucarhotel.com/wp-json/oembed/1.0/embed91da
4574	azucarhotel.com/wp-json/oembed/1.0/embede4c6
4563	azucarhotel.com/wp-json/oembed/1.0/embedd9ef
4562	azucarhotel.com/wp-json/oembed/1.0/embed4e07
4562	azucarhotel.com/wp-json/oembed/1.0/embede706
4504	azucarhotel.com/wp-json/oembed/1.0/embed7c9b
4501	azucarhotel.com/wp-json/oembed/1.0/embed5694
4487	azucarhotel.com/wp-json/oembed/1.0/embedd0c2.json
4483	azucarhotel.com/wp-json/oembed/1.0/embedcdfd.json
4472	azucarhotel.com/wp-json/oembed/1.0/embed08c3
4463	azucarhotel.com/wp-json/oembed/1.0/embed260e.json
4463	azucarhotel.com/wp-json/oembed/1.0/embed7d5d.json
4462	azucarhotel.com/wp-json/oembed/1.0/embed66e3.json
4435	azucarhotel.com/wp-json/oembed/1.0/embedd311.json
4431	azucarhotel.com/wp-json/oembed/1.0/embed6ef1.json
4430	azucarhotel.com/wp-json/oembed/1.0/embed90d9.json
4416	azucarhotel.com/wp-json/oembed/1.0/embed0f79.json
4337	azucarhotel.com/wp-json/oembed/1.0/embed6543.json
4330	azucarhotel.com/wp-json/oembed/1.0/embed8bdc.json
4327	azucarhotel.com/wp-json/oembed/1.0/embed9c7d.json
4319	azucarhotel.com/wp-json/oembed/1.0/embeda92b.json
4315	azucarhotel.com/wp-json/oembed/1.0/embedfd13.json
4314	azucarhotel.com/wp-json/oembed/1.0/embedcca2.json
4312	azucarhotel.com/wp-json/oembed/1.0/embed23f0.json
4258	azucarhotel.com/wp-json/oembed/1.0/embedaef3.json
4246	azucarhotel.com/wp-content/uploads/2025/03/cropped-favicon-png-192x192.webp
4246	azucarhotel.com/wp-json/oembed/1.0/embedb2ce.json
4243	backblue.gif
4228	azucarhotel.com/wp-json/oembed/1.0/embed0292.json
4186	azucarhotel.com/wp-includes/js/mediaelement/wp-mediaelement.min40dd.css
3936	azucarhotel.com/wp-content/uploads/2025/03/cropped-favicon-png-180x180.webp
3421	azucarhotel.com/wp-json/oembed/1.0/embeda366
3349	azucarhotel.com/wp-content/themes/Divi/includes/builder/feature/dynamic-assets/assets/js/jquery.fitvids41c1.js
3288	azucarhotel.com/wp-json/oembed/1.0/embed5b39
3227	azucarhotel.com/wp-json/oembed/1.0/embed6158.json
3100	azucarhotel.com/wp-json/oembed/1.0/embedb2d9.json
2979	azucarhotel.com/wp-content/plugins/contact-form-7/includes/css/styles36b6.css
2795	azucarhotel.com/wp-content/et-cache/887/et-core-unified-tb-1017-tb-3577-deferred-887.minfead.css
2792	azucarhotel.com/wp-content/et-cache/2424/et-core-unified-tb-1017-tb-3577-deferred-2424.min8c7a.css
2792	azucarhotel.com/wp-content/et-cache/947/et-core-unified-tb-1017-tb-3577-deferred-947.min7f89.css
2667	azucarhotel.com/wp-content/et-cache/2433/et-core-unified-tb-3555-tb-3245-deferred-2433.min4442.css
2667	azucarhotel.com/wp-content/et-cache/445/et-core-unified-tb-1017-tb-3577-deferred-445.minb77c.css
2667	azucarhotel.com/wp-content/et-cache/761/et-core-unified-tb-3555-tb-3245-deferred-761.min04f6.css
2532	azucarhotel.com/wp-content/et-cache/1067/et-core-unified-tb-1017-tb-3577-deferred-1067.minf0a8.css
2454	azucarhotel.com/wp-json/oembed/1.0/embed7c92
2407	azucarhotel.com/wp-content/et-cache/505/et-core-unified-tb-3555-tb-3245-deferred-505.minfa8f.css
2294	azucarhotel.com/wp-json/oembed/1.0/embed084d.json
2146	azucarhotel.com/wp-content/uploads/2025/06/iconos_footer-1.webp
2082	azucarhotel.com/wp-content/uploads/2025/06/tel_whats.webp
1950	azucarhotel.com/wp-content/plugins/jquery-validation-for-contact-form-7/includes/assets/js/jvcf7_validation7661.js
1521	azucarhotel.com/wp-content/et-cache/898/et-core-unified-tb-1017-tb-3577-deferred-898.min1c94.css
1496	azucarhotel.com/wp-content/uploads/2025/03/iconos_tam.png
1343	azucarhotel.com/wp-content/themes/Divi/core/admin/js/common41c1.js
1191	azucarhotel.com/wp-includes/js/mediaelement/mediaelement-migrate.min40dd.js
1190	azucarhotel.com/wp-content/uploads/2025/04/4-personas-png.webp
1117	azucarhotel.com/wp-content/plugins/telephone-input-for-contact-form-7/public/js/design5152.js
1107	azucarhotel.com/wp-includes/js/mediaelement/wp-mediaelement.min40dd.js
1074	azucarhotel.com/en/feed/index.html
1052	azucarhotel.com/feed/index.html
974	azucarhotel.com/wp-content/uploads/2025/06/tel-whatsapp.webp
880	azucarhotel.com/wp-content/uploads/2025/06/email.webp
828	fade.gif
805	azucarhotel.com/indexf065.html
805	azucarhotel.com/xmlrpc0db0.php
803	azucarhotel.com/indexce2e.html
799	azucarhotel.com/index771f.html
797	azucarhotel.com/index4e8a.html
793	azucarhotel.com/index4b26.html
791	azucarhotel.com/index5e02.html
789	azucarhotel.com/index227a.html
783	azucarhotel.com/index5aa6.html
779	azucarhotel.com/index0ced.html
775	azucarhotel.com/indexd255.html
773	azucarhotel.com/index8791.html
773	azucarhotel.com/index8eb0.html
771	azucarhotel.com/index7c89.html
771	azucarhotel.com/index9b9e.html
769	azucarhotel.com/index3dfa.html
769	azucarhotel.com/indexb351.html
767	azucarhotel.com/index1ce2.html
767	azucarhotel.com/indexefce.html
765	azucarhotel.com/index0ecd.html
765	azucarhotel.com/index1dd2.html
753	azucarhotel.com/wp-content/et-cache/928/et-core-unified-tb-1017-tb-3577-deferred-928.min7fef.css
642	azucarhotel.com/wp-content/uploads/2025/03/cropped-favicon-png-32x32.webp
352	hts-cache/doit.log
303	azucarhotel.com/wp-content/plugins/jquery-validation-for-contact-form-7/includes/assets/css/jvcf7_client7661.css
260	azucarhotel.com/wp-content/et-cache/2347/et-core-unified-tb-1017-tb-3577-deferred-2347.min1174.css
260	azucarhotel.com/wp-content/et-cache/2356/et-core-unified-tb-3555-tb-3245-deferred-2356.min9629.css
260	azucarhotel.com/wp-content/et-cache/423/et-core-unified-tb-3555-tb-3245-deferred-423.min9530.css
260	azucarhotel.com/wp-content/et-cache/730/et-core-unified-tb-3555-tb-3245-deferred-730.minda6a.css
260	azucarhotel.com/wp-content/et-cache/938/et-core-unified-tb-1017-tb-3577-deferred-938.min4420.css
260	azucarhotel.com/wp-content/et-cache/958/et-core-unified-tb-1017-tb-3577-deferred-958.min7f3e.css
42	azucarhotel.com/xmlrpc.php
